Position,Reference,Variant,Variant_Strain,Gene,Product
241,C,T,Alpha Variant,Intergenic,None
913,C,T,Alpha Variant,ORF1ab,ORF1ab polyprotein
3037,C,T,Alpha Variant,ORF1ab,ORF1ab polyprotein
3267,C,T,Alpha Variant,ORF1ab,ORF1ab polyprotein
5388,C,A,Alpha Variant,ORF1ab,ORF1ab polyprotein
5944,C,T,Alpha Variant,ORF1ab,ORF1ab polyprotein
5986,C,T,Alpha Variant,ORF1ab,ORF1ab polyprotein
6954,T,C,Alpha Variant,ORF1ab,ORF1ab polyprotein
11288,T,-,Alpha Variant,ORF1ab,ORF1ab polyprotein
11289,C,-,Alpha Variant,ORF1ab,ORF1ab polyprotein
11290,T,-,Alpha Variant,ORF1ab,ORF1ab polyprotein
11291,G,-,Alpha Variant,ORF1ab,ORF1ab polyprotein
11292,G,-,Alpha Variant,ORF1ab,ORF1ab polyprotein
11293,T,-,Alpha Variant,ORF1ab,ORF1ab polyprotein
11294,T,-,Alpha Variant,ORF1ab,ORF1ab polyprotein
11295,T,-,Alpha Variant,ORF1ab,ORF1ab polyprotein
11296,T,-,Alpha Variant,ORF1ab,ORF1ab polyprotein
14408,C,T,Alpha Variant,ORF1ab,ORF1ab polyprotein
14676,C,T,Alpha Variant,ORF1ab,ORF1ab polyprotein
15096,T,C,Alpha Variant,ORF1ab,ORF1ab polyprotein
15279,C,T,Alpha Variant,ORF1ab,ORF1ab polyprotein
16176,T,C,Alpha Variant,ORF1ab,ORF1ab polyprotein
21766,A,-,Alpha Variant,S,surface glycoprotein
21768,A,-,Alpha Variant,S,surface glycoprotein
21770,G,-,Alpha Variant,S,surface glycoprotein
21771,T,-,Alpha Variant,S,surface glycoprotein
21774,C,-,Alpha Variant,S,surface glycoprotein
21775,T,-,Alpha Variant,S,surface glycoprotein
21994,T,-,Alpha Variant,S,surface glycoprotein
21995,T,-,Alpha Variant,S,surface glycoprotein
21996,A,-,Alpha Variant,S,surface glycoprotein
23063,A,T,Alpha Variant,S,surface glycoprotein
23271,C,A,Alpha Variant,S,surface glycoprotein
23403,A,G,Alpha Variant,S,surface glycoprotein
23604,C,A,Alpha Variant,S,surface glycoprotein
23709,C,T,Alpha Variant,S,surface glycoprotein
24506,T,G,Alpha Variant,S,surface glycoprotein
24914,G,C,Alpha Variant,S,surface glycoprotein
27972,C,T,Alpha Variant,ORF8,ORF8 protein
28048,G,T,Alpha Variant,ORF8,ORF8 protein
28095,A,T,Alpha Variant,ORF8,ORF8 protein
28111,A,G,Alpha Variant,ORF8,ORF8 protein
28274,A,-,Alpha Variant,N,nucleocapsid phosphoprotein
28280,G,C,Alpha Variant,N,nucleocapsid phosphoprotein
28281,A,T,Alpha Variant,N,nucleocapsid phosphoprotein
28282,T,A,Alpha Variant,N,nucleocapsid phosphoprotein
28881,G,A,Alpha Variant,N,nucleocapsid phosphoprotein
28882,G,A,Alpha Variant,N,nucleocapsid phosphoprotein
28883,G,C,Alpha Variant,N,nucleocapsid phosphoprotein
28884,G,C,Alpha Variant,N,nucleocapsid phosphoprotein
28977,C,T,Alpha Variant,N,nucleocapsid phosphoprotein
29871,A,-,Alpha Variant,Intergenic,None
29872,A,-,Alpha Variant,Intergenic,None
29873,A,-,Alpha Variant,Intergenic,None
29874,A,-,Alpha Variant,Intergenic,None
29875,A,-,Alpha Variant,Intergenic,None
29876,A,-,Alpha Variant,Intergenic,None
29877,A,-,Alpha Variant,Intergenic,None
29878,A,-,Alpha Variant,Intergenic,None
29879,A,-,Alpha Variant,Intergenic,None
29880,A,-,Alpha Variant,Intergenic,None
29881,A,-,Alpha Variant,Intergenic,None
29882,A,-,Alpha Variant,Intergenic,None
29883,A,-,Alpha Variant,Intergenic,None
29884,A,-,Alpha Variant,Intergenic,None
29885,A,-,Alpha Variant,Intergenic,None
29886,A,-,Alpha Variant,Intergenic,None
29887,A,-,Alpha Variant,Intergenic,None
29888,A,-,Alpha Variant,Intergenic,None
29889,A,-,Alpha Variant,Intergenic,None
29890,A,-,Alpha Variant,Intergenic,None
29891,A,-,Alpha Variant,Intergenic,None
29892,A,-,Alpha Variant,Intergenic,None
29893,A,-,Alpha Variant,Intergenic,None
29894,A,-,Alpha Variant,Intergenic,None
29895,A,-,Alpha Variant,Intergenic,None
29896,A,-,Alpha Variant,Intergenic,None
29897,A,-,Alpha Variant,Intergenic,None
29898,A,-,Alpha Variant,Intergenic,None
29899,A,-,Alpha Variant,Intergenic,None
29900,A,-,Alpha Variant,Intergenic,None
29901,A,-,Alpha Variant,Intergenic,None
29902,A,-,Alpha Variant,Intergenic,None
29903,A,-,Alpha Variant,Intergenic,None
