Position,Reference,Variant,Variant_Strain
1,A,-,Delta Variant
2,T,-,Delta Variant
3,T,-,Delta Variant
4,A,-,Delta Variant
5,A,-,Delta Variant
6,A,-,Delta Variant
7,G,-,Delta Variant
8,G,-,Delta Variant
9,T,-,Delta Variant
10,T,-,Delta Variant
11,T,-,Delta Variant
12,A,-,Delta Variant
13,T,-,Delta Variant
14,A,-,Delta Variant
16,C,-,Delta Variant
17,T,-,Delta Variant
18,T,-,Delta Variant
19,C,-,Delta Variant
20,C,-,Delta Variant
21,C,-,Delta Variant
23,G,-,Delta Variant
24,G,-,Delta Variant
25,T,-,Delta Variant
29,A,-,Delta Variant
30,A,-,Delta Variant
31,A,-,Delta Variant
33,C,-,Delta Variant
210,G,T,Delta Variant
241,C,T,Delta Variant
3037,C,T,Delta Variant
4181,G,T,Delta Variant
5239,C,T,Delta Variant
5514,T,C,Delta Variant
6402,C,T,Delta Variant
7124,C,T,Delta Variant
8986,C,T,Delta Variant
9053,G,T,Delta Variant
10029,C,T,Delta Variant
11201,A,G,Delta Variant
11332,A,G,Delta Variant
14408,C,T,Delta Variant
15451,G,A,Delta Variant
16466,C,T,Delta Variant
19220,C,T,Delta Variant
21618,C,G,Delta Variant
21846,C,Y,Delta Variant
21987,G,A,Delta Variant
22917,T,G,Delta Variant
22995,C,A,Delta Variant
23403,A,G,Delta Variant
23604,C,G,Delta Variant
24410,G,A,Delta Variant
25469,C,T,Delta Variant
26767,T,Y,Delta Variant
27638,T,C,Delta Variant
27874,C,T,Delta Variant
28253,C,A,Delta Variant
28461,A,G,Delta Variant
28881,G,T,Delta Variant
28916,G,T,Delta Variant
29402,G,T,Delta Variant
29742,G,T,Delta Variant
29864,G,-,Delta Variant
29865,A,-,Delta Variant
29866,A,-,Delta Variant
29867,T,-,Delta Variant
29868,G,-,Delta Variant
29869,A,-,Delta Variant
29870,C,-,Delta Variant
29871,A,-,Delta Variant
29872,A,-,Delta Variant
29873,A,-,Delta Variant
29874,A,-,Delta Variant
29875,A,-,Delta Variant
29876,A,-,Delta Variant
29877,A,-,Delta Variant
29878,A,-,Delta Variant
29879,A,-,Delta Variant
29880,A,-,Delta Variant
29881,A,-,Delta Variant
29882,A,-,Delta Variant
29883,A,-,Delta Variant
29884,A,-,Delta Variant
29885,A,-,Delta Variant
29886,A,-,Delta Variant
29887,A,-,Delta Variant
29888,A,-,Delta Variant
29889,A,-,Delta Variant
29890,A,-,Delta Variant
29891,A,-,Delta Variant
29892,A,-,Delta Variant
29893,A,-,Delta Variant
29894,A,-,Delta Variant
29895,A,-,Delta Variant
29896,A,-,Delta Variant
29897,A,-,Delta Variant
29898,A,-,Delta Variant
29899,A,-,Delta Variant
29900,A,-,Delta Variant
29901,A,-,Delta Variant
29902,A,-,Delta Variant
29903,A,-,Delta Variant
